{
    "foreground_intensity_properties_per_channel": {
        "0": {
            "max": 7009.0,
            "mean": 1353.6319580078125,
            "median": 1280.0,
            "min": -1000.0,
            "percentile_00_5": 167.0,
            "percentile_99_5": 3183.0,
            "std": 512.5531005859375
        }
    },
    "median_relative_size_after_cropping": 1.0,
    "shapes_after_crop": [
        [
            200,
            266,
            266
        ],
        [
            200,
            266,
            266
        ],
        [
            200,
            266,
            266
        ],
        [
            448,
            640,
            640
        ],
        [
            440,
            536,
            536
        ],
        [
            440,
            536,
            536
        ],
        [
            528,
            640,
            640
        ],
        [
            440,
            536,
            536
        ],
        [
            440,
            536,
            536
        ],
        [
            440,
            536,
            536
        ],
        [
            576,
            768,
            768
        ],
        [
            440,
            536,
            536
        ],
        [
            440,
            536,
            536
        ],
        [
            576,
            768,
            768
        ],
        [
            400,
            640,
            640
        ],
        [
            400,
            640,
            640
        ],
        [
            400,
            640,
            640
        ],
        [
            400,
            640,
            640
        ],
        [
            400,
            640,
            640
        ],
        [
            400,
            640,
            640
        ],
        [
            440,
            536,
            536
        ],
        [
            440,
            536,
            536
        ],
        [
            440,
            536,
            536
        ],
        [
            440,
            536,
            536
        ],
        [
            440,
            536,
            536
        ]
    ],
    "spacings": [
        [
            0.30000001192092896,
            0.30000001192092896,
            0.30000001192092896
        ],
        [
            0.30000001192092896,
            0.30000001192092896,
            0.30000001192092896
        ],
        [
            0.30000001192092896,
            0.30000001192092896,
            0.30000001192092896
        ],
        [
            0.25,
            0.25,
            0.25
        ],
        [
            0.2999992370605469,
            0.30000001192092896,
            0.30000001192092896
        ],
        [
            0.2999992370605469,
            0.30000001192092896,
            0.30000001192092896
        ],
        [
            0.25,
            0.25,
            0.25
        ],
        [
            0.2999992370605469,
            0.30000001192092896,
            0.30000001192092896
        ],
        [
            0.2999992370605469,
            0.30000001192092896,
            0.30000001192092896
        ],
        [
            0.2999992370605469,
            0.30000001192092896,
            0.30000001192092896
        ],
        [
            0.3000030517578125,
            0.30000001192092896,
            0.30000001192092896
        ],
        [
            0.2999992370605469,
            0.30000001192092896,
            0.30000001192092896
        ],
        [
            0.2999992370605469,
            0.30000001192092896,
            0.30000001192092896
        ],
        [
            0.2999992370605469,
            0.30000001192092896,
            0.30000001192092896
        ],
        [
            0.25,
            0.25,
            0.25
        ],
        [
            0.25,
            0.25,
            0.25
        ],
        [
            0.25,
            0.25,
            0.25
        ],
        [
            0.25,
            0.25,
            0.25
        ],
        [
            0.25,
            0.25,
            0.25
        ],
        [
            0.25,
            0.25,
            0.25
        ],
        [
            0.2999992370605469,
            0.30000001192092896,
            0.30000001192092896
        ],
        [
            0.2999992370605469,
            0.30000001192092896,
            0.30000001192092896
        ],
        [
            0.2999992370605469,
            0.30000001192092896,
            0.30000001192092896
        ],
        [
            0.2999992370605469,
            0.30000001192092896,
            0.30000001192092896
        ],
        [
            0.2999992370605469,
            0.30000001192092896,
            0.30000001192092896
        ]
    ]
}